{
    "MTLR": 0.6190562097925719,
    "DeepSurv": 0.7546107487823001,
    "CoxPH": 0.7784198794683398,
    "GradientBoosting": 0.7793775282754066,
    "RandomForest": 0.7694212829191778,
    "SVM": 0.7744571947494427
}