,GI-ECF,GI-ECX,GI-FOLFIRI,GI-FOLFIRI+BEVACIZUMAB,GI-FOLFIRINOX,GI-FOLFOX+BEVACIZUMAB,GI-FOLFOX-6 MOD,GI-GEM 40MG/M2 2X/WK,"GI-GEM D1,8,15",GI-GEM+ABRAXANE,GI-GEMCISP (BILIARY),GI-MITOFU,GI-PACLI/CARBO WEEKX5,GI-PANITUMUMAB,GI-RAMUC(CCO)+PACL(W),GI-RAMUCIRUMAB+PACLI,Other
mean_prediction,0.06818181818181818,0.05555555555555555,0.0,0.015358361774744027,0.0,0.0,0.005449591280653951,0.025974025974025976,0.015479876160990712,0.02242152466367713,0.025423728813559324,0.02962962962962963,0.03225806451612903,0.036585365853658534,0.024390243902439025,0.1276595744680851,0.05653710247349823
false_positive_rate,0.02631578947368421,0.047619047619047616,0.0,0.005660377358490566,0.0,0.0,0.0029585798816568047,0.0,0.010067114093959731,0.005,0.009478672985781991,0.0,0.0,0.013157894736842105,0.0,0.08333333333333333,0.011583011583011582
Relative mean_prediction,4.4393939393939394 ✅,3.617283950617284 ✅,0.0 ✅,1.0 ✅,0.0 ✅,0.0 ✅,0.3548289433848017 ✅,1.6911976911976914 ✅,1.0079119367045064 ✅,1.4598903836571997 ✅,1.6553672316384183 ✅,1.929218106995885 ✅,2.100358422939068 ✅,2.382113821138211 ✅,1.5880758807588078 ✅,8.312056737588652 ✅,3.6811935610522184 ✅
Relative false_positive_rate,4.649122807017544 ✅,8.412698412698413 ✅,0.0 ✅,1.0 ✅,0.0 ✅,0.0 ✅,0.5226824457593688 ✅,0.0 ✅,1.778523489932886 ✅,0.8833333333333334 ✅,1.6745655608214853 ✅,0.0 ✅,0.0 ✅,2.324561403508772 ✅,0.0 ✅,14.722222222222223 ✅,2.0463320463320462 ✅
